{"cameraMode":{"drawMode":0,"name":"Shaded","section":"Shading Mode"},"sceneLighting":true,"audioPlay":false,"sceneViewState":{"m_AlwaysRefresh":false,"showFog":true,"showSkybox":true,"showFlares":true,"showImageEffects":true,"showParticleSystems":true,"showVisualEffectGraphs":true,"m_FxEnabled":true},"in2DMode":false,"pivot":{"x":57.172664642333987,"y":214.75347900390626,"z":30.601715087890626},"rotation":{"x":0.10939230024814606,"y":-0.05960887670516968,"z":0.006571836769580841,"w":0.9921934604644775},"size":401.2918701171875,"orthographic":false}